ID,surname,man,woman
1,赵,夷,妃
2,孙,洛,羽
3,李,乐,青
4,周,锋,月
5,吴,冷,明
6,郑,亦,霜
7,王,羽,遥
8,陈,帆,瑶
9,褚,向,仙
10,卫,安,翩
11,韩,宇,依
12,杨,远,雨
13,朱,璧,盈
14,秦,君,香
15,许,俊,盼
16,吕,漠,虹
17,张,骏,纱
18,孔,定,姬
19,曹,磐,鸾
20,华,武,七
21,金,坤,音
22,魏,炜,霖
23,姜,赋,涓
24,谢,泊,霏
25,喻,维,雪
26,水,颐,紫
27,云,墨,朱
28,苏,震,倩
29,马,扬,茜
30,任,欧,露
31,袁,复,妍
32,柳,搏,媚
33,唐,文,伊
34,殷,霄,邀
35,安,济,馥
36,乐,影,心
37,于,逸,袅
38,齐,冲,怜
39,黄,奥,珊
40,萧,傲,兰
41,邵,雍,灵
42,狄,鹰,棠
43,明,游,媛
44,宋,卫,芸
45,纪,兴,碧
46,舒,鹏,琳
47,项,勉,文
48,祝,幽,雯
49,董,璇,唯
50,蓝,真,珠
51,贾,楼,涵
52,颜,天,灵
53,林,佩,玲
54,徐,协,爱
55,邱,弦,白
56,高,坦,燕
57,夏,奉,嫣
58,凌,咏,纹
59,虞,过,朱
60,管,非,真
61,卢,霸,莺
62,莫,炎,娜
63,荣,禹,冰
64,甄,勇,影
65,曲,飞,清
66,段,明,晴
67,伊,威,容
68,宁,轲,蓉
69,甘,异,淑
70,刘,义,甜
71,景,备,恬
72,叶,涯,婷
73,韶,砚,婉
74,白,誉,湘
75,池,寒,馨
76,苍,傅,秀
77,姬,竹,雅
78,冉,斐,英
79,桑,越,珍
80,温,为,贞
81,晏,雄,姬
82,连,博,晶
83,鱼,云,茹
84,容,候,媗
85,庚,也,仙
86,步,益,小
87,文,佑,晓
88,聂,辰,乐
89,晁,均,咏
90,冷,延,菲
91,关,帷,敏
92,游,辨,环
93,司马,宏,瑄
94,上官,遥,琴
95,欧阳,敖,琼
96,夏侯,炳,瑛
97,诸葛,斌,琉
98,闻人,敏,璃
99,东方,伟,伶
100,赫连,翌,俪
101,皇甫,诩,郦
102,尉迟,野,翎
103,澹台,邦,然
104,公冶,寅,婉
105,公输,彪,芙
106,淳于,靖,莎
107,单于,霍,萝
108,申屠,阳,巧
109,公孙,诚,弥
110,仲孙,澈,宁
111,轩辕,烈,宓
112,令狐,之,宜
113,钟离,淳,娉
114,宇文,潇,素
115,长孙,寰,衣
116,慕容,默,桐
117,鲜于,融,芷
118,闾丘,萧,若
119,司徒,翰,昭
120,司空,勋,九
121,屠苏,涛,
122,端木,刀,
123,乐正,尚,
124,拓跋,少,
125,夹谷,叔,
126,谷梁,伯,
127,楚,子,
128,百里,季,
129,南门,白,
130,呼延,,
131,归海,,
132,岳,,
133,帅,,
134,琴,,
135,梁丘,,
136,左丘,,
137,西门,,
138,商,,
139,南宫,,
140,第五,,